Column Name,Description in Plain English,Logic / Formula,Source Table(s),DDL & Indexes
"▼ dim_bap_mobility   (base table, 4 cols)",,,dimension.dim_bap_mobility,
bap_id,Unique identifier for the Buyer App (BAP).,"dimension.dim_bap_mobility.""bap_id""",dimension.dim_bap_mobility,
bap_name,Name of the bap.,"dimension.dim_bap_mobility.""bap_name""",dimension.dim_bap_mobility,
domain,"The ONDC network domain (e.g., retail, logistics).","dimension.dim_bap_mobility.""domain""",dimension.dim_bap_mobility,
tsp_powered,Data representing the tsp powered.,"dimension.dim_bap_mobility.""tsp_powered""",dimension.dim_bap_mobility,
"▼ dim_bpp_mobility   (base table, 3 cols)",,,dimension.dim_bpp_mobility,
bpp_id,Unique identifier for the Seller App (BPP).,"dimension.dim_bpp_mobility.""bpp_id""",dimension.dim_bpp_mobility,
bpp_name,Name of the bpp.,"dimension.dim_bpp_mobility.""bpp_name""",dimension.dim_bpp_mobility,
tsp_powered,Data representing the tsp powered.,"dimension.dim_bpp_mobility.""tsp_powered""",dimension.dim_bpp_mobility,
"▼ dim_cancellation_code   (base table, 7 cols)",,,dimension.dim_cancellation_code,CREATE UNIQUE INDEX idx_dim_cancellation_code_unique ON dimension.dim_cancellation_code USING btree (code)
code,Data representing the code.,"dimension.dim_cancellation_code.""code""",dimension.dim_cancellation_code,
reason_for_cancellation,Timestamp or date indicating when reason for cancellation occurred.,"dimension.dim_cancellation_code.""reason_for_cancellation""",dimension.dim_cancellation_code,
is_triggers_rto,Indicates Return To Origin (RTO) status.,"dimension.dim_cancellation_code.""is_triggers_rto""",dimension.dim_cancellation_code,
by,Data representing the by.,"dimension.dim_cancellation_code.""by""",dimension.dim_cancellation_code,
attributed_to,Timestamp or date indicating when attributed to occurred.,"dimension.dim_cancellation_code.""attributed_to""",dimension.dim_cancellation_code,
whether_applicable_for_part_cancel,Data representing the whether applicable for part cancel.,"dimension.dim_cancellation_code.""whether_applicable_for_part_cancel""",dimension.dim_cancellation_code,
sorting,Data representing the sorting.,"dimension.dim_cancellation_code.""sorting""",dimension.dim_cancellation_code,
"▼ dim_date   (materialized view, 10 cols)",,,dimension.dim_date,"SELECT dt::date AS date,
    to_char(dt, 'Day'::text) AS day,
    EXTRACT(epoch FROM dt)::bigint * '-1'::integer AS daterank,
    to_char(dt, 'Month-YYYY'::text) AS month,
    EXTRACT(month FROM dt)::integer AS month_no,
    EXTRACT(year FROM dt)::integer AS year,
    (EXTRACT(year FROM dt)::integer * 100 + EXTRACT(month FROM dt)::integer) * '-1'::integer AS yearkey,
    EXTRACT(dow FROM dt) AS weekday,
    dt::date -
        CASE
            WHEN EXTRACT(dow FROM dt) <= 6::numeric THEN (EXTRACT(dow FROM dt) - 1::numeric)::integer
            ELSE (EXTRACT(dow FROM dt) - 8::numeric)::integer
        END AS start_of_week,
    dt::date -
        CASE
            WHEN EXTRACT(dow FROM dt) <= 6::numeric THEN (EXTRACT(dow FROM dt) - 1::numeric)::integer
            ELSE (EXTRACT(dow FROM dt) - 8::numeric)::integer
        END + 6 AS end_of_week
   FROM generate_series('2022-09-30'::date::timestamp with time zone, (CURRENT_DATE - 1)::timestamp with time zone, '1 day'::interval) dt(dt);"
date,Timestamp or date indicating when date occurred.,"dimension.dim_date.""date""",dimension.dim_date,
day,Data representing the day.,"dimension.dim_date.""day""",dimension.dim_date,
daterank,Timestamp or date indicating when daterank occurred.,"dimension.dim_date.""daterank""",dimension.dim_date,
month,Data representing the month.,"dimension.dim_date.""month""",dimension.dim_date,
month_no,Data representing the month no.,"dimension.dim_date.""month_no""",dimension.dim_date,
year,Data representing the year.,"dimension.dim_date.""year""",dimension.dim_date,
yearkey,Data representing the yearkey.,"dimension.dim_date.""yearkey""",dimension.dim_date,
weekday,Data representing the weekday.,"dimension.dim_date.""weekday""",dimension.dim_date,
start_of_week,Data representing the start of week.,"dimension.dim_date.""start_of_week""",dimension.dim_date,
end_of_week,Data representing the end of week.,"dimension.dim_date.""end_of_week""",dimension.dim_date,
"▼ dim_domain_mapping   (base table, 2 cols)",,,dimension.dim_domain_mapping,"CREATE UNIQUE INDEX dim_domain_mapping_pkey ON dimension.dim_domain_mapping USING btree (code)

CREATE UNIQUE INDEX idx_dim_domain_mapping_code_unique ON dimension.dim_domain_mapping USING btree (code)"
code,Data representing the code.,"dimension.dim_domain_mapping.""code""",dimension.dim_domain_mapping,
domain,"The ONDC network domain (e.g., retail, logistics).","dimension.dim_domain_mapping.""domain""",dimension.dim_domain_mapping,
"▼ dim_error_code_category   (base table, 4 cols)",,,dimension.dim_error_code_category,"CREATE UNIQUE INDEX dim_error_code_category_pkey ON dimension.dim_error_code_category USING btree (error_code)

CREATE UNIQUE INDEX idx_dim_error_code_category_error_code_unique ON dimension.dim_error_code_category USING btree (error_code)"
error_code,Error code associated with a failure or issue.,"dimension.dim_error_code_category.""error_code""",dimension.dim_error_code_category,
message,Data representing the message.,"dimension.dim_error_code_category.""message""",dimension.dim_error_code_category,
error_description,Data representing the error description.,"dimension.dim_error_code_category.""error_description""",dimension.dim_error_code_category,
category,Timestamp or date indicating when category occurred.,"dimension.dim_error_code_category.""category""",dimension.dim_error_code_category,
"▼ dim_error_code_mapping   (base table, 4 cols)",,,dimension.dim_error_code_mapping,"CREATE UNIQUE INDEX dim_error_code_mapping_pkey ON dimension.dim_error_code_mapping USING btree (code)

CREATE UNIQUE INDEX idx_dim_error_code_mapping_code_unique ON dimension.dim_error_code_mapping USING btree (code)"
code,Data representing the code.,"dimension.dim_error_code_mapping.""code""",dimension.dim_error_code_mapping,
type,Data representing the type.,"dimension.dim_error_code_mapping.""type""",dimension.dim_error_code_mapping,
message,Data representing the message.,"dimension.dim_error_code_mapping.""message""",dimension.dim_error_code_mapping,
description,Data representing the description.,"dimension.dim_error_code_mapping.""description""",dimension.dim_error_code_mapping,
"▼ dim_f_b_tag   (base table, 4 cols)",,,dimension.dim_f_b_tag,
NP,Data representing the np.,"dimension.dim_f_b_tag.""NP""",dimension.dim_f_b_tag,
Most likely to churn,Data representing the most likely to churn.,"dimension.dim_f_b_tag.""Most likely to churn""",dimension.dim_f_b_tag,
Type,Data representing the type.,"dimension.dim_f_b_tag.""Type""",dimension.dim_f_b_tag,
Category,Timestamp or date indicating when category occurred.,"dimension.dim_f_b_tag.""Category""",dimension.dim_f_b_tag,
"▼ dim_grocery_tag   (base table, 4 cols)",,,dimension.dim_grocery_tag,
NP,Data representing the np.,"dimension.dim_grocery_tag.""NP""",dimension.dim_grocery_tag,
Most likely to churn,Data representing the most likely to churn.,"dimension.dim_grocery_tag.""Most likely to churn""",dimension.dim_grocery_tag,
Type,Data representing the type.,"dimension.dim_grocery_tag.""Type""",dimension.dim_grocery_tag,
Category,Timestamp or date indicating when category occurred.,"dimension.dim_grocery_tag.""Category""",dimension.dim_grocery_tag,
"▼ dim_home_service_buyer_np   (base table, 5 cols)",,,dimension.dim_home_service_buyer_np,
Bap Id,Unique identifier for the Buyer App (BAP).,"dimension.dim_home_service_buyer_np.""Bap Id""",dimension.dim_home_service_buyer_np,
Buyer NP,Data representing the buyer np.,"dimension.dim_home_service_buyer_np.""Buyer NP""",dimension.dim_home_service_buyer_np,
Domain,"The ONDC network domain (e.g., retail, logistics).","dimension.dim_home_service_buyer_np.""Domain""",dimension.dim_home_service_buyer_np,
Date,Timestamp or date indicating when date occurred.,"dimension.dim_home_service_buyer_np.""Date""",dimension.dim_home_service_buyer_np,
TSP Powered,Data representing the tsp powered.,"dimension.dim_home_service_buyer_np.""TSP Powered""",dimension.dim_home_service_buyer_np,
"▼ dim_home_service_seller_np   (base table, 5 cols)",,,dimension.dim_home_service_seller_np,
Domain,"The ONDC network domain (e.g., retail, logistics).","dimension.dim_home_service_seller_np.""Domain""",dimension.dim_home_service_seller_np,
Date,Timestamp or date indicating when date occurred.,"dimension.dim_home_service_seller_np.""Date""",dimension.dim_home_service_seller_np,
TSP Powered,Data representing the tsp powered.,"dimension.dim_home_service_seller_np.""TSP Powered""",dimension.dim_home_service_seller_np,
Bpp Id,Unique identifier for the Seller App (BPP).,"dimension.dim_home_service_seller_np.""Bpp Id""",dimension.dim_home_service_seller_np,
Seller NP,Data representing the seller np.,"dimension.dim_home_service_seller_np.""Seller NP""",dimension.dim_home_service_seller_np,
"▼ dim_igm_bap   (base table, 2 cols)",,,dimension.dim_igm_bap,
bap_id,Unique identifier for the Buyer App (BAP).,"dimension.dim_igm_bap.""bap_id""",dimension.dim_igm_bap,
bap_name,Name of the bap.,"dimension.dim_igm_bap.""bap_name""",dimension.dim_igm_bap,
"▼ dim_igm_bpp   (base table, 2 cols)",,,dimension.dim_igm_bpp,
bpp_id,Unique identifier for the Seller App (BPP).,"dimension.dim_igm_bpp.""bpp_id""",dimension.dim_igm_bpp,
bpp_name,Name of the bpp.,"dimension.dim_igm_bpp.""bpp_name""",dimension.dim_igm_bpp,
"▼ dim_insurance_bap   (base table, 2 cols)",,,dimension.dim_insurance_bap,
subscriber_id,Unique identifier for subscriber.,"dimension.dim_insurance_bap.""subscriber_id""",dimension.dim_insurance_bap,
np_name,Name of the np.,"dimension.dim_insurance_bap.""np_name""",dimension.dim_insurance_bap,
"▼ dim_insurance_bpp   (base table, 2 cols)",,,dimension.dim_insurance_bpp,
subscriber_id,Unique identifier for subscriber.,"dimension.dim_insurance_bpp.""subscriber_id""",dimension.dim_insurance_bpp,
np_name,Name of the np.,"dimension.dim_insurance_bpp.""np_name""",dimension.dim_insurance_bpp,
"▼ dim_logistics_cancellation_code   (base table, 11 cols)",,,dimension.dim_logistics_cancellation_code,CREATE UNIQUE INDEX idx_dim_logistics_cancellation_code_unique ON dimension.dim_logistics_cancellation_code USING btree (code)
code,Data representing the code.,"dimension.dim_logistics_cancellation_code.""code""",dimension.dim_logistics_cancellation_code,
type,Data representing the type.,"dimension.dim_logistics_cancellation_code.""type""",dimension.dim_logistics_cancellation_code,
delivery_type,Data representing the delivery type.,"dimension.dim_logistics_cancellation_code.""delivery_type""",dimension.dim_logistics_cancellation_code,
phase,Data representing the phase.,"dimension.dim_logistics_cancellation_code.""phase""",dimension.dim_logistics_cancellation_code,
reason_for_cancellation,Timestamp or date indicating when reason for cancellation occurred.,"dimension.dim_logistics_cancellation_code.""reason_for_cancellation""",dimension.dim_logistics_cancellation_code,
is_triggers_rto,Indicates Return To Origin (RTO) status.,"dimension.dim_logistics_cancellation_code.""is_triggers_rto""",dimension.dim_logistics_cancellation_code,
by,Data representing the by.,"dimension.dim_logistics_cancellation_code.""by""",dimension.dim_logistics_cancellation_code,
attributed_to,Timestamp or date indicating when attributed to occurred.,"dimension.dim_logistics_cancellation_code.""attributed_to""",dimension.dim_logistics_cancellation_code,
whether_applicable_for_part_cancel,Data representing the whether applicable for part cancel.,"dimension.dim_logistics_cancellation_code.""whether_applicable_for_part_cancel""",dimension.dim_logistics_cancellation_code,
sorting,Data representing the sorting.,"dimension.dim_logistics_cancellation_code.""sorting""",dimension.dim_logistics_cancellation_code,
settlement_suggestions_to_be_incorporated,Timestamp or date indicating when settlement suggestions to be incorporated occurred.,"dimension.dim_logistics_cancellation_code.""settlement_suggestions_to_be_incorporated""",dimension.dim_logistics_cancellation_code,
"▼ dim_logistics_category   (base table, 2 cols)",,,dimension.dim_logistics_category,
network_retail_order_category,Timestamp or date indicating when network retail order category occurred.,"dimension.dim_logistics_category.""network_retail_order_category""",dimension.dim_logistics_category,
category,Timestamp or date indicating when category occurred.,"dimension.dim_logistics_category.""category""",dimension.dim_logistics_category,
"▼ dim_logistics_np   (base table, 4 cols)",,,dimension.dim_logistics_np,CREATE UNIQUE INDEX idx_dim_logistics_np_unique ON dimension.dim_logistics_np USING btree (logistics_np)
logistics_np_name,Name of the logistics np.,"dimension.dim_logistics_np.""logistics_np_name""",dimension.dim_logistics_np,
logistics_np,Data representing the logistics np.,"dimension.dim_logistics_np.""logistics_np""",dimension.dim_logistics_np,
lnp_mask,Data representing the lnp mask.,"dimension.dim_logistics_np.""lnp_mask""",dimension.dim_logistics_np,
tsp_powered,Data representing the tsp powered.,"dimension.dim_logistics_np.""tsp_powered""",dimension.dim_logistics_np,
"▼ dim_logistics_seller_np   (base table, 4 cols)",,,dimension.dim_logistics_seller_np,CREATE UNIQUE INDEX idx_dim_logistics_seller_np_unique ON dimension.dim_logistics_seller_np USING btree (seller_np)
seller_np_name,Name of the seller np.,"dimension.dim_logistics_seller_np.""seller_np_name""",dimension.dim_logistics_seller_np,
seller_np,Data representing the seller np.,"dimension.dim_logistics_seller_np.""seller_np""",dimension.dim_logistics_seller_np,
snp_mask,Data representing the snp mask.,"dimension.dim_logistics_seller_np.""snp_mask""",dimension.dim_logistics_seller_np,
tsp_powered,Data representing the tsp powered.,"dimension.dim_logistics_seller_np.""tsp_powered""",dimension.dim_logistics_seller_np,
"▼ dim_mf_buyer_np   (base table, 4 cols)",,,dimension.dim_mf_buyer_np,
subscriber_id,Unique identifier for subscriber.,"dimension.dim_mf_buyer_np.""subscriber_id""",dimension.dim_mf_buyer_np,
np_name,Name of the np.,"dimension.dim_mf_buyer_np.""np_name""",dimension.dim_mf_buyer_np,
domain,"The ONDC network domain (e.g., retail, logistics).","dimension.dim_mf_buyer_np.""domain""",dimension.dim_mf_buyer_np,
tsp_powered,Data representing the tsp powered.,"dimension.dim_mf_buyer_np.""tsp_powered""",dimension.dim_mf_buyer_np,
"▼ dim_mf_seller_np   (base table, 3 cols)",,,dimension.dim_mf_seller_np,
subscriber_id,Unique identifier for subscriber.,"dimension.dim_mf_seller_np.""subscriber_id""",dimension.dim_mf_seller_np,
np_name,Name of the np.,"dimension.dim_mf_seller_np.""np_name""",dimension.dim_mf_seller_np,
tsp_powered,Data representing the tsp powered.,"dimension.dim_mf_seller_np.""tsp_powered""",dimension.dim_mf_seller_np,
"▼ dim_pincode   (base table, 5 cols)",,,dimension.dim_pincode,CREATE UNIQUE INDEX idx_dim_pincode_unique ON dimension.dim_pincode USING btree (pincode)
pincode,Indian postal code (pincode).,"dimension.dim_pincode.""pincode""",dimension.dim_pincode,
districtname,Name of the districtname.,"dimension.dim_pincode.""districtname""",dimension.dim_pincode,
statename,Turn-Around-Time (TAT) measurement.,"dimension.dim_pincode.""statename""",dimension.dim_pincode,
tier,Data representing the tier.,"dimension.dim_pincode.""tier""",dimension.dim_pincode,
zones,Data representing the zones.,"dimension.dim_pincode.""zones""",dimension.dim_pincode,
"▼ dim_provider_cred   (base table, 8 cols)",,,dimension.dim_provider_cred,
bpp_id,Unique identifier for the Seller App (BPP).,"dimension.dim_provider_cred.""bpp_id""",dimension.dim_provider_cred,
provider_id,Unique identifier for the provider.,"dimension.dim_provider_cred.""provider_id""",dimension.dim_provider_cred,
provider_name,Unique identifier for provider name.,"dimension.dim_provider_cred.""provider_name""",dimension.dim_provider_cred,
provider_key,Unique identifier for provider key.,"dimension.dim_provider_cred.""provider_key""",dimension.dim_provider_cred,
cred_code,Data representing the cred code.,"dimension.dim_provider_cred.""cred_code""",dimension.dim_provider_cred,
cred_short_desc,Data representing the cred short desc.,"dimension.dim_provider_cred.""cred_short_desc""",dimension.dim_provider_cred,
insert_date,Timestamp or date indicating when insert date occurred.,"dimension.dim_provider_cred.""insert_date""",dimension.dim_provider_cred,
cred_subtag,Data representing the cred subtag.,"dimension.dim_provider_cred.""cred_subtag""",dimension.dim_provider_cred,
"▼ dim_retail_buyer_np   (base table, 7 cols)",,,dimension.dim_retail_buyer_np,CREATE UNIQUE INDEX idx_dim_retail_buyer_np_unique ON dimension.dim_retail_buyer_np USING btree (buyer_np)
buyer_np_name,Name of the buyer np.,"dimension.dim_retail_buyer_np.""buyer_np_name""",dimension.dim_retail_buyer_np,
buyer_np,Data representing the buyer np.,"dimension.dim_retail_buyer_np.""buyer_np""",dimension.dim_retail_buyer_np,
updated_date,Timestamp or date indicating when updated date occurred.,"dimension.dim_retail_buyer_np.""updated_date""",dimension.dim_retail_buyer_np,
bnp_mask,Data representing the bnp mask.,"dimension.dim_retail_buyer_np.""bnp_mask""",dimension.dim_retail_buyer_np,
domain,"The ONDC network domain (e.g., retail, logistics).","dimension.dim_retail_buyer_np.""domain""",dimension.dim_retail_buyer_np,
tsp_powered,Data representing the tsp powered.,"dimension.dim_retail_buyer_np.""tsp_powered""",dimension.dim_retail_buyer_np,
spoc_email,Data representing the spoc email.,"dimension.dim_retail_buyer_np.""spoc_email""",dimension.dim_retail_buyer_np,
"▼ dim_retail_igm_categories   (base table, 5 cols)",,,dimension.dim_retail_igm_categories,CREATE UNIQUE INDEX dim_retail_igm_categories_pkey ON dimension.dim_retail_igm_categories USING btree (key)
category,Timestamp or date indicating when category occurred.,"dimension.dim_retail_igm_categories.""category""",dimension.dim_retail_igm_categories,
sub_category,Timestamp or date indicating when sub category occurred.,"dimension.dim_retail_igm_categories.""sub_category""",dimension.dim_retail_igm_categories,
enums,Data representing the enums.,"dimension.dim_retail_igm_categories.""enums""",dimension.dim_retail_igm_categories,
main_category,Timestamp or date indicating when main category occurred.,"dimension.dim_retail_igm_categories.""main_category""",dimension.dim_retail_igm_categories,
key,Data representing the key.,"dimension.dim_retail_igm_categories.""key""",dimension.dim_retail_igm_categories,
"▼ dim_retail_seller_np   (base table, 6 cols)",,,dimension.dim_retail_seller_np,CREATE UNIQUE INDEX idx_dim_retail_seller_np_unique ON dimension.dim_retail_seller_np USING btree (seller_np)
seller_np_name,Name of the seller np.,"dimension.dim_retail_seller_np.""seller_np_name""",dimension.dim_retail_seller_np,
seller_np,Data representing the seller np.,"dimension.dim_retail_seller_np.""seller_np""",dimension.dim_retail_seller_np,
updated_date,Timestamp or date indicating when updated date occurred.,"dimension.dim_retail_seller_np.""updated_date""",dimension.dim_retail_seller_np,
snp_mask,Data representing the snp mask.,"dimension.dim_retail_seller_np.""snp_mask""",dimension.dim_retail_seller_np,
tsp_powered,Data representing the tsp powered.,"dimension.dim_retail_seller_np.""tsp_powered""",dimension.dim_retail_seller_np,
spoc_email,Data representing the spoc email.,"dimension.dim_retail_seller_np.""spoc_email""",dimension.dim_retail_seller_np,
"▼ dim_retail_tag   (base table, 4 cols)",,,dimension.dim_retail_tag,"CREATE UNIQUE INDEX idx_dim_retail_tag_np_unique ON dimension.dim_retail_tag USING btree (""NP"")"
NP,Data representing the np.,"dimension.dim_retail_tag.""NP""",dimension.dim_retail_tag,
Most likely to churn,Data representing the most likely to churn.,"dimension.dim_retail_tag.""Most likely to churn""",dimension.dim_retail_tag,
Type,Data representing the type.,"dimension.dim_retail_tag.""Type""",dimension.dim_retail_tag,
Category,Timestamp or date indicating when category occurred.,"dimension.dim_retail_tag.""Category""",dimension.dim_retail_tag,
"▼ provider_cred_id_lvl   (materialized view, 6 cols)",,,dimension.provider_cred_id_lvl,"SELECT bpp_id,
    provider_id,
    cred_code,
    cred_short_desc,
    provider_key,
    max(insert_date) AS latest_insert_date
   FROM dimension.dim_provider_cred
  GROUP BY bpp_id, provider_id, cred_code, cred_short_desc, provider_key;"
bpp_id,Unique identifier for the Seller App (BPP).,"dimension.provider_cred_id_lvl.""bpp_id""",dimension.provider_cred_id_lvl,
provider_id,Unique identifier for the provider.,"dimension.provider_cred_id_lvl.""provider_id""",dimension.provider_cred_id_lvl,
cred_code,Data representing the cred code.,"dimension.provider_cred_id_lvl.""cred_code""",dimension.provider_cred_id_lvl,
cred_short_desc,Data representing the cred short desc.,"dimension.provider_cred_id_lvl.""cred_short_desc""",dimension.provider_cred_id_lvl,
provider_key,Unique identifier for provider key.,"dimension.provider_cred_id_lvl.""provider_key""",dimension.provider_cred_id_lvl,
latest_insert_date,Timestamp or date indicating when latest insert date occurred.,"dimension.provider_cred_id_lvl.""latest_insert_date""",dimension.provider_cred_id_lvl,
"▼ provider_cred_social   (materialized view, 5 cols)",,,dimension.provider_cred_social,"SELECT bpp_id,
    provider_id,
    'Social Sector'::text AS cred_code,
    provider_key,
    max(insert_date) AS latest_insert_date
   FROM dimension.dim_provider_cred
  GROUP BY bpp_id, provider_id, provider_key;"
bpp_id,Unique identifier for the Seller App (BPP).,"dimension.provider_cred_social.""bpp_id""",dimension.provider_cred_social,
provider_id,Unique identifier for the provider.,"dimension.provider_cred_social.""provider_id""",dimension.provider_cred_social,
cred_code,Data representing the cred code.,"dimension.provider_cred_social.""cred_code""",dimension.provider_cred_social,
provider_key,Unique identifier for provider key.,"dimension.provider_cred_social.""provider_key""",dimension.provider_cred_social,
latest_insert_date,Timestamp or date indicating when latest insert date occurred.,"dimension.provider_cred_social.""latest_insert_date""",dimension.provider_cred_social,
